instruction,response,category
how do I check what hours I can call customer support?,"Grateful for your contact! I get the sense that you would like to know the hours when you can contact our customer support team. To check the operating hours, you can visit our website at Website URL and navigate to the ""Contact Us"" page. Alternatively, you can also find this information in your account dashboard or the confirmation email you received when you made a purchase. If you need further assistance or have any other questions, feel free to let me know. I'm here to help!",CONTACT
switch to gold account,"Assuredly! I'm thrilled to guide you through the seamless transition to our esteemed Account Type account:1. Get Started: Log in to our platform using your credentials.2. Account Settings: Navigate to your ' Settings ' or ' Profile ' section.3. Account Type: Look for an option labeled ' Upgrade Account ' or ' Account Change '.4. Select Account Type : Choose the ' Account Type ' from the available options.5. Finalize the Switch: Follow the on-screen prompts to complete the upgrade process.If you encounter any challenges or have additional questions, I'm here to assist you. Your decision to switch to Account Type is remarkable, and I'm dedicated to ensuring a fulfilling experience. Embrace the remarkable benefits that await you with the Account Type account!",ACCOUNT
do you have a number to contact goddamn customer assistance?,"Thank you for reaching out! I understand your frustration and urgency in trying to contact our customer assistance team. I'm here to help you with that. To speak directly with our customer support representatives, please dial Customer Support Phone Number . They will be able to address your concerns and provide the assistance you need. Is there anything else I can assist you with?",CONTACT
need help reporting an error with payments,"I'm sorry to hear that you're experiencing an error with your payments. Rest assured, I'm here to help you report and resolve this issue swiftly. To better assist you, could you please provide more details about the error you encountered? By sharing specific information, we can investigate the matter thoroughly and take appropriate action to rectify it. Your cooperation is highly appreciated, and I assure you that we'll do everything in our power to ensure a prompt and satisfactory resolution. Thank you for bringing this to our attention.",PAYMENT
can you send me my bill from Person Name ?,"I understand your need to receive the bill from Salutation Client Last Name . Let me check the system to find the bill you are referring to. Please bear with me for a moment while I retrieve it for you. If you have any other questions or concerns, feel free to let me know. I'm here to assist you every step of the way.",INVOICE
I want help to talk to a person,"Grateful for your contact! I get the sense that you need assistance in speaking to a person. Our team of dedicated human representatives is here to help you. To connect you with the right person, may I ask you to provide some additional details about the nature of your query? This will ensure that we match you with the most suitable representative who can provide personalized assistance. Your cooperation is greatly appreciated, and we look forward to resolving your concerns together.",CONTACT
how to use the freemium profile?,"I'll make it happen! I'm thrilled to assist you in making the most of our Account Category profile and unlocking its incredible features:1. Sign-Up: Begin by creating an account on our platform.2. Account Navigation: Once signed in, explore the sections labeled ' Settings ' or ' Profile '.3. Profile Management: Within these sections, you'll find options to customize your profile and manage your settings.4. Feature Access: Enjoy the numerous features available to you through the Account Category profile. These may include limited access to premium content, basic analytics, or the ability to connect with a certain number of users.5. Learn and Upgrade: Explore the platform and familiarize yourself with the available features. If you find that you require additional benefits, our upgraded premium options are readily available.Remember, the Account Category profile offers a great way to experience our platform's capabilities. If you have any questions or need further guidance, feel free to reach out. Best wishes on your journey with our Account Category profile!",ACCOUNT
i need assistance checking the ETA of the purchase Order Number,"We value your outreach! I'm in tune with the fact that you need assistance in checking the estimated time of arrival (ETA) for your purchase with the purchase number Order Number . Our team is here to help you with that.To check the ETA of your purchase, you can visit the ' Order Tracking ' section on our website. It will provide you with the most up-to-date information on your order's expected delivery date.If you have any other questions or need further assistance, please feel free to ask. We are dedicated to ensuring that you have a smooth and worry-free shopping experience!",ORDER
how can I retrieve the password of my user profile?,"Assuredly! I completely understand your need to retrieve the password for your user profile. Let's tackle this challenge together:1. Begin by navigating to our platform's login page.2. Look for the ""Forgot Password"" option and click on it.3. Input the email address associated with your user profile.4. In a short while, you should receive an email with detailed instructions on how to reset your password. Keep an eye out for it in your inbox, and remember to check your spam or junk folders too, just in case.5. Follow the instructions provided in the email to create a new, secure password for your user profile.If you encounter any difficulties or if the email doesn't arrive promptly, please don't hesitate to reach out. We're here to support you every step of the way. Together, we'll help you regain access to your user profile with a new password!",ACCOUNT
"I have to correct purchase Order Number , I need assistance",We appreciate your reaching out to us with your request to correct purchase number Order Number . Our team is here to assist you in resolving any issues or making the necessary adjustments. Could you please provide more details about what needs to be corrected in your purchase? This information will help us understand the specific changes you require and ensure a seamless resolution. Thank you for your patience and cooperation while we address your concerns.,ORDER
remove Account Category account,"Appreciate your message about removing your Account Category account. I understand that you no longer find value in it and would like to proceed with the cancellation. To assist you with this process, I would recommend contacting our customer support team. They will guide you through the necessary steps and ensure a smooth cancellation experience. You can reach them at Customer Support Phone Number or through the Live Chat on our website at Website URL . They are available Customer Support Hours to assist you. Please let us know if you have any further questions or if there's anything else we can assist you with.",ACCOUNT
can I check in which situations can I request refunds?,"I'm happy to help! I understand your need to have a clear understanding of the situations in which you can request a refund. Here are the common scenarios where you may be eligible for a refund:1. Product/Service Defect: If the product or service you received has a defect or doesn't match the description, you likely qualify for a refund.2. Cancellation within Grace Period: If you change your mind about a purchase and cancel it within the specified grace period, you should be able to receive a refund.3. Unauthorized Charges: If you notice any charges on your account that you didn't authorize, please let us know. We'll investigate the issue and assist you in getting a refund if necessary.4. Event Cancellation: If you bought tickets for an event that gets canceled and isn't rescheduled, you can typically request a refund.5. Duplicate Charges: If you find that you've been charged more than once for the same item, we'll rectify the situation and refund the duplicate charges.6. Non-receipt of Goods: If you haven't received your ordered products within the expected delivery time frame, please inform us. In such cases, you may be eligible for a refund.It's important to note that refund policies may vary depending on the vendor or service provider. To get a comprehensive understanding of the refund policy applicable to your specific situation, I recommend reviewing the terms and conditions or reaching out directly to the vendor.If you have any specific concerns or need assistance with a particular order, please provide me with the relevant information, such as the order number, and I'll be more than happy to assist you.Is there anything else that I can help you with today?",REFUND
what do I have to do to report signup errors?,"We appreciate your concern and willingness to report signup errors. To ensure we address the issue promptly, please provide us with some specific details about the errors you are experiencing during the signup process. You can mention any error messages you have encountered or describe the steps you followed when you encountered the problem. The more information we have, the better equipped we are to investigate and resolve the issue. Thank you for taking the time to report this, as your feedback is crucial in helping us improve our signup process for a smoother and seamless experience.",ACCOUNT
i want help to check the current status of my compensation,"Happy to get your message to us regarding the current status of your compensation. I completely understand how important it is for you to stay updated on your claim progress. Allow me to assist you in checking the status. In order to provide you with accurate information, could you please provide me with the following details: your full name, the date of your claim submission, and any claim reference number or any other relevant information you may have? Once I have this information, I will promptly look into it and provide you with the most up-to-date information on the status of your compensation.",REFUND
I don't know how I can see your refund policy,"I appreciate your inquiry regarding how to access our refund policy. To provide you with the necessary guidance, I recommend visiting our website and searching for the ""Refund Policy"" page. This page will contain detailed information about our refund policy, including the situations in which you can request a refund and any specific procedures or requirements.If you're unable to find the dedicated ""Refund Policy"" page on our website, you can also try using the search function on our website and entering keywords such as ""refund policy"" or ""returns and refunds.""Alternatively, you may reach out to our customer support team via phone, email, or live chat. They will be able to provide you with a direct link to our refund policy or assist you in any other way you need.Please let me know if there's anything else I can assist you with.",REFUND
i dont know how i can see the delivery options,"No worries, I'm here to guide you through the process. To view the delivery options available, simply follow these steps:1. Visit our website and navigate to the product page of the item you are interested in.2. Look for the ""Shipping Options"" or ""Delivery Information"" section on the product page. You may find this information near the price or the ""Add to Cart"" button.3. Click on the section to expand it and view the available delivery options.4. The options provided may include standard shipping, expedited shipping, overnight shipping, or in-store pickup.5. Take your time to review the details of each option, including estimated delivery times and any additional fees that may apply.6. Once you have reviewed the options, you can select the one that best suits your needs and proceed with your purchase.If you have any specific questions or need further assistance, please don't hesitate to ask. I'm here to help make your decision-making process easier.",DELIVERY
can I check what hours customer assistance available is?,"Thank you for trusting us! I'm fully aware of you would like to check the operating hours for customer assistance. We have our dedicated customer service team available during Customer Support Hours . You can also find this information on our website under the 'Contact Us' section. If you have any other questions or concerns, feel free to let me know. I'm here to assist you further.",CONTACT
i do not know what i need to do to speak with an operator,"Always good to connect! I'm attuned to the fact that you're unsure of the steps to take in order to speak with an operator. Don't worry, I'm here to assist you. To connect with an operator, you can try the following options:1. Look for a ""Contact Us"" or ""Support"" section on our website. There, you'll likely find a phone number or live chat option to speak directly with an operator.2. If you have already tried the website, you can reach out to our customer support team via email. They will provide you with the necessary instructions and guidance.3. If it's an urgent matter, you can try calling our main customer service number. Typically, there will be an option in the automated menu to speak with an operator.Remember, our team is here to assist you every step of the way. Don't hesitate to reach out if you need further assistance.",CONTACT
want assistance checking the temrination charge,"Of course! To check the termination charge, you can simply log in to your account and navigate to the ""Termination Fees"" section. If you need any further guidance or have any questions, feel free to let me know.",CANCEL
error entering a goddamn different shipping address,"I apologize for the difficulty you are facing while trying to enter a different shipping address. I understand how frustrating this can be, and I'm here to assist you in resolving this issue. To better assist you, could you please provide more details about the error you're encountering? This will help me pinpoint the problem and provide you with an accurate solution. Thank you for your patience and cooperation.",SHIPPING
idont use my Account Category account want assistance to remove it,"Thank you for bringing your concerns to our attention regarding the removal of your Account Category account. We understand that you no longer use this account and would like assistance with its removal. Rest assured, we are here to help you with this process. To proceed with the removal, we kindly ask you to provide us with some more details about your specific issue so that we can offer you the most accurate guidance and support. Your satisfaction is our priority, and we aim to make this process as smooth as possible for you.",ACCOUNT
I need to check how long the delivery takes,"We understand that you are eager to know the estimated delivery time for your package. To provide you with the most accurate information, could you please provide us with the Tracking Number or Order Number ? Once we have those details, we will be able to give you a precise estimate of when you can expect your delivery. Thank you for your patience as we assist you with this.",DELIVERY
I don't know how I could see the cancellation penalties,"No worries! To view the cancellation penalties, sign in to your account and navigate to the ""Cancellation Fees"" section. There you will find all the information regarding the fees associated with canceling your services.",CANCEL
is it possible to place an order from Delivery City,"Definitely! I'm thrilled to inform you that placing an order from the captivating city of Delivery City is indeed possible. We offer shipping services to various locations, including Delivery City , so you can conveniently place your order from there. Our delivery options are designed to ensure your satisfaction and timely delivery. If you have any specific concerns or questions about the ordering process, please don't hesitate to ask. I'm here to assist you every step of the way!",DELIVERY
i need assistance to see how soon can i expect the article,"We understand your eagerness to track the estimated delivery time of your article. To provide you with accurate information, could you please provide the Order Number or Tracking Number ? With this information, we will be able to determine the estimated arrival date for your article. Your patience is greatly appreciated!",DELIVERY
"I want to see my invoice #37777, I need assistance","Assuredly! I'm here to assist you in locating the invoice with the number # Invoice Number . To proceed, could you please provide me with some additional details such as the date of the invoice or any other relevant information? This will help me to narrow down the search and provide you with accurate assistance. Rest assured, I'll do my best to help you find the invoice you're looking for.",INVOICE
want help to enter my secondary shipping address,"I can definitely assist you with entering your secondary shipping address. Let's work together to resolve this:1. Log in to your account using your credentials.2. Navigate to the 'My Account' or 'Profile' section.3. Look for the 'Shipping Addresses' or a similar option.4. Click on 'Add New' or 'Edit Shipping Address'.5. Fill in the required details for your secondary shipping address, including the recipient's name, address, city, state, ZIP code, and contact information.6. Double-check all the entered information for accuracy.7. Save the changes.If you encounter any issues at any step or need further guidance, please let me know, and I'll be glad to assist you further!""",SHIPPING
help touse the Account Category profile,"Thank you for your interest in our exclusive Account Category profile! I'm here to guide you through the process of using it effectively:1. Sign In: Begin by logging into your account.2. Account Settings: Once you're inside, navigate to your ' Settings ' or ' Profile ' section.3. Profile Upgrade: Look for an option labeled ' Upgrade Account ' or ' Account Change ' within these sections.4. Account Category Selection: Choose the ' Profile Type ' option from the available list.5. Enjoy the Benefits: You're now all set to enjoy the wide array of advantages that come with the Account Category profile.Should you face any challenges along the way or if there's anything else I can assist you with, please feel free to reach out. Your decision to upgrade is highly valued, and I'm here to ensure a seamless experience. Get ready to experience a whole new level of benefits with your Account Category profile!",ACCOUNT
i do not know what i have to do to get my invoice #85632,"I'm happy to help! I completely understand your uncertainty about the steps required to obtain the invoice with the number # Invoice Number . Let me help you with that. To access your invoice, you can follow these simple steps: 1. Log in to your account on our website.2. Navigate to the ""Billing"" or ""Invoices"" section.3. Look for the option to view or download your invoice.4. Enter the invoice number # Invoice Number when prompted.5. Click on the ""Download"" or ""View"" button to retrieve your invoice.If you encounter any difficulties or need further assistance, please do not hesitate to let me know. I'm here to help you every step of the way.",INVOICE
help to get my invoices from Person Name,"I understand your need to access invoices from Person Name . To assist you with that, could you please provide me with Person Name 's account details or any specific information related to these invoices? This will help me retrieve the relevant invoices for you quickly and accurately. Thank you for your cooperation!",INVOICE
assistance to check what payment methods you accept,"I'll get right on it! I'm here to provide you with the information you need. To check the payment methods we accept, you can visit our website and navigate to the ""Payment Options"" or ""Payment Methods"" section. There, you will find a comprehensive list of the accepted payment methods, including credit/debit cards, PayPal, bank transfers, Apple Pay, and Google Wallet. If you have any questions or need further assistance, please don't hesitate to ask. We're always here to help you make secure and convenient payments.",PAYMENT
can you help me cancelling my newsletter subscription?,"For sure! I'm here to assist you with canceling your newsletter subscription. I understand that sometimes preferences change, and it's important to unsubscribe from newsletters that no longer interest you. To cancel your subscription, please provide me with the email address you used to sign up for the newsletter. Once I have that information, I'll promptly proceed with canceling your subscription. Rest assured, your privacy remains a top priority, and we'll handle your request with the utmost care. Is there anything specific you're looking for in terms of newsletter content that led to your decision to cancel? Your insights are valuable to us as we strive to continuously improve our offerings.",SUBSCRIPTION
"I want to earn some goddamn items, I need assistance","Thank you for expressing your interest in earning some items from us. I'm here to provide you with the assistance you need to make this happen. Can you please let me know more about the specific items you are interested in? With a better understanding of your needs, I will be able to guide you through the process seamlessly and ensure that it is both rewarding and fulfilling.",ORDER
i expect an reimbursement of Refund Amount dollars,"Thanks for dropping us a line regarding your expected reimbursement of Currency Symbol Refund Amount . We understand the importance of timely and accurate resolution of reimbursement requests. To provide you with the most up-to-date information on the status of your reimbursement, I will investigate and verify the current progress. Please bear with me for a moment while I gather the necessary details. Your patience is greatly appreciated.",REFUND
assistance to check how soon can I expect my purchase,"We understand your desire to know when your purchase will arrive. To provide you with an accurate estimate, may I please have the Order Number or Tracking Number ? With this information, we can determine the expected delivery date and keep you informed. Your patience is greatly appreciated as we assist you in this matter.",DELIVERY
how do I sign up to the company newsletter?,"Thank you for expressing your interest in signing up for our company newsletter! I'm thrilled to guide you through the process. To subscribe, simply visit our website and navigate to the newsletter subscription section. You'll find a sign-up form where you can enter your email address and submit it to complete the process. By subscribing, you'll receive regular updates, exclusive promotions, and valuable content straight to your inbox. We're excited to have you as a part of our community and look forward to keeping you informed and engaged!",SUBSCRIPTION
I am waiting for a refnd of Refund Amount dollars,"I get it the significance of waiting for a refund of Currency Symbol Money Amount . It's important to receive a timely update on the progress. Allow me to check the current status of your refund and provide you with the necessary information. Please bear with me for a moment while I investigate this for you. In the meantime, I'd like to ask if you've encountered any delays or issues regarding refunds in the past. Your insights will help us enhance our processes and ensure a smoother experience for you. Rest assured, I'll do everything I can to promptly resolve this matter and keep you informed throughout the process.",REFUND
new Account Type account,"Congratulations on your decision to open a Account Type account! Account Type accounts offer a range of exclusive benefits and privileges that are tailored to meet your financial goals and lifestyle. I'm here to guide you through the process and provide you with the information you need to get started. Please provide me with your full name, email address, and a preferred username, and I'll assist you in creating your new Account Type account. Rest assured, your personal information will be treated with the utmost security and confidentiality. Let's embark on this exciting journey together!",ACCOUNT
need assistance to check in what cases can I ask for refunds,"Positively! I completely understand your need for assistance in understanding the cases where you can request a refund. It's crucial to know your rights as a consumer. Here are the most common situations in which you may be eligible for a refund:1. Product/Service Defect: If the product or service you purchased has a defect or is not as described, you generally have the right to request a refund.2. Cancellation within Grace Period: Many companies provide a grace period during which you can change your mind and cancel your purchase for a full refund.3. Unauthorized Charges: If you notice unfamiliar or unauthorized charges on your account, it's important to report them promptly. In most cases, you will be eligible for a refund.4. Event Cancellation: If you have purchased tickets for an event that gets canceled, you may be eligible for a refund. However, this can vary depending on the event and the terms and conditions.5. Duplicate Charges: If you have been charged more than once for the same item, you should definitely reach out to the company for a refund.6. Non-receipt of Goods: If you have not received the product you ordered within the expected timeframe, you may be entitled to a refund.Please note that refund policies may vary between companies and industries. It's always a good idea to review the specific terms and conditions provided by the seller or service provider. If you have a specific order or concern, please provide me with the necessary details, such as the order number or any relevant information, and I'll be happy to look into it further for you.I hope this information helps! If you have any further questions or need additional assistance, please feel free to let me know.",REFUND
how colud I delete something from order Order Number ?,"For sure! I understand that you'd like to delete an item from order number Order Number . To assist you with that, we would recommend contacting our customer support team directly. They have the expertise and access to your account information to process this request accurately. You can reach out to them by phone at Customer Support Phone Number or by using the Live Chat feature on our website at Website URL . They will guide you through the necessary steps to remove the item from your order. Rest assured, we're here to make sure your order is just as you envision it!",ORDER
I need help to file a damn reclamation against your company,"I've been informed that you are frustrated and seeking assistance in filing a reclamation against our company. I apologize for any negative experience you may have had, and I'm here to help address your concerns. To ensure that your reclamation is properly filed, could you please provide more details about the issue you faced? This information will help me guide you through the appropriate steps to file your reclamation and ensure that it receives the attention it deserves.",FEEDBACK
help to restore my access key,"I understand your need for assistance in restoring your access key. Losing access to your account can be frustrating, but don't worry, we're here to help you through it. To restore your access key, please follow these steps:1. Visit our website's login page and click on the ""Forgot Access Key"" option.2. You will be prompted to verify your account. Provide the necessary information, such as your username or registered email address.3. Once your account is verified, you will receive an email containing instructions to restore your access key securely.4. Follow the instructions carefully to create a new access key for your account. Ensure you choose a strong and unique access key to protect your account.5. Once you have successfully reset your access key, you should be able to log in to your account using the new access key.If you encounter any difficulties during this process or have any further questions, please don't hesitate to reach out to us. We value your security and are committed to assisting you throughout the restoration process.",ACCOUNT
can you help me check if there are any news on my refund?,"Definitely! I understand how important it is to have up-to-date information on your refund. Let me quickly look into the status of your refund and check if there are any updates. Please bear with me for a moment while I gather the details. In the meantime, were there any specific concerns or questions you had regarding your refund? Your feedback is valuable to us as we strive to ensure your satisfaction.",REFUND
I would like to cancel purchase Order Number,"I truly understand your need to cancel purchase Order Number . I'm here to assist you in this process and make it as smooth as possible. Here's what you need to do:1. Access Your Account: Start by logging in to your Online Company Portal Info using your credentials.2. Locate Your Orders: Once you're logged in, navigate to the ' Online Order Interaction ' or ' Online Order Interaction ' section.3. Identify the Relevant Purchase: Look for the purchase with the order number Order Number and click on it for more details.4. Initiate Cancellation: You'll find an option labeled ' Online Order Interaction ' associated with the purchase. Please select this option.5. Follow Any Additional Steps: The system might prompt you to provide feedback or confirmation. Please follow the instructions accordingly.If you encounter any difficulties or have further questions, our dedicated team is available to assist you. You can reach us during Customer Support Hours at Customer Support Phone Number or via the Live Chat on our Website URL . Your satisfaction is our priority, and we're here to ensure you have a pleasant experience.",ORDER
clsoe Account Category account,"Appreciate your message to us regarding the closure of your Account Category account. I understand that you no longer wish to use the account and would like to remove it. I'm here to assist you with the necessary steps to close your account. To ensure the accuracy of the process, could you please provide me with some additional details, such as the email address associated with your account or any other information that can help us locate your account in our system? This will allow me to provide you with the specific instructions and guidance you need to successfully close your Account Category account.",ACCOUNT
i need help setting up my secondary delivery address,"I fathom that you need assistance setting up your secondary delivery address. It's important to ensure a smooth and efficient process. Here's a step-by-step guide to help you:1. Log in to your account on our website.2. Navigate to the ""My Account"" or ""Profile"" section.3. Look for the ""Shipping Addresses"" or similar option.4. Select the ""Add New Address"" or ""Edit Shipping Addresses"" feature.5. Provide all the necessary details for your secondary delivery address, such as the street name, city, state, and postal code.6. Double-check the accuracy of the information you entered.7. Save the changes to finalize the setup of your secondary delivery address.If you encounter any issues or need further assistance during the process, please don't hesitate to reach out. We're here to make sure everything goes smoothly for you.",SHIPPING
I do not know how I can open a premium account,"I've grasped that you may have questions about opening a premium account. Don't worry, I'm here to assist you every step of the way. To open a premium account, you can visit our website or reach out to our customer support team. They will guide you through the process and provide you with all the necessary information. Opening a premium account offers a range of benefits such as exclusive rewards, enhanced features, and dedicated customer support. Feel free to ask any specific questions you have, and I'll be happy to address them for you.",ACCOUNT
i want assistance reporting an issue with a registration,"Appreciate your message to us for assistance in reporting an issue with your registration. We understand that encountering problems during the registration process can be frustrating, and we appreciate you taking the time to notify us. To ensure that we provide you with the best possible solution, could you please share some more details about the specific issue you are facing? This will help us to investigate the problem thoroughly and address it promptly. We are here to assist you every step of the way and look forward to resolving the issue for you.",ACCOUNT
i dont know how i can take a quick look at the bill #37777,"Sure! I understand that you're unsure about how to quickly view the bill with the number # Invoice Number . Let me guide you through the process. To get a quick look at your bill, you can log in to your account on our website and navigate to the billing section. There, you should be able to find an option to view your invoices. If you encounter any difficulties or have further questions, feel free to let me know. I'm here to assist you every step of the way.",INVOICE
how can i use the Account Category proile,"Positively! I appreciate your interest in utilizing our Account Category profile. Here's how you can make the most of it:1. Account Access: Start by logging into our platform using your credentials.2. Profile Management: Once you're in, navigate to your account settings or profile section.3. Account Category Features: Within these sections, you'll find a list of features available in the Account Category profile.4. Exploring Options: Take your time to explore and understand the benefits of each feature.5. Feature Activation: If you find a feature you'd like to use, locate the option to activate it.6. Enjoying the Benefits: Once activated, you can now enjoy the benefits and functionalities offered by the Account Category profile.Should you have any difficulties or further inquiries, please don't hesitate to reach out. We're here to ensure your experience with the Account Category profile is seamless and satisfying. Happy exploring!",ACCOUNT
